{
    "model_type": "Deep Learning (Neural Network)",
    "accuracy": 0.9399999976158142,
    "f1_score": 0.9391891891891891
}