{
    "model_a": {
        "accuracy": 0.9649122807017544,
        "f1": 0.9722222222222222
    },
    "model_b": {
        "accuracy": 0.9736842105263158,
        "f1": 0.9787234042553191
    },
    "best_model": "model_b"
}